ProductA,ProductB,PairCount,Support,Confidence,Lift
Cheese,Tea,707,0.0707,0.27160968113714945,1.060147077038054
Cheese,Coffee,704,0.0704,0.2704571648098348,1.047066065853019
Cereal,Coffee,708,0.0708,0.2682834406972338,1.0386505640620745
Milk,Cheese,685,0.0685,0.26936688950058985,1.0348324606246249
Bread,Sugar,696,0.0696,0.2712392829306313,1.034474763274719
